<?xml version="1.0" encoding="UTF-8"?>
<project-private xmlns="http://www.netbeans.org/ns/project-private/1">
    <editor-bookmarks xmlns="http://www.netbeans.org/ns/editor-bookmarks/2" lastBookmarkId="0"/>
    <open-files xmlns="http://www.netbeans.org/ns/projectui-open-files/2">
        <group>
            <file>file:/D:/IoTCourse/GitRepository/TestRepositroy/Hardware/src/hardware/sensor/FlameSensor.java</file>
            <file>file:/D:/IoTCourse/GitRepository/TestRepositroy/Hardware/src/hardware/motor/SG90ServoPCA9685Step.java</file>
            <file>file:/D:/IoTCourse/GitRepository/TestRepositroy/Hardware/src/hardware/motor/SG90Servo.java</file>
            <file>file:/D:/IoTCourse/GitRepository/TestRepositroy/Hardware/src/hardware/motor/SG90ServoPCA9685Duration.java</file>
            <file>file:/D:/IoTCourse/GitRepository/TestRepositroy/Hardware/src/hardware/camera/ViewerCanvas.java</file>
            <file>file:/D:/IoTCourse/GitRepository/TestRepositroy/Hardware/src/hardware/sensor/UltrasonicSensor.java</file>
            <file>file:/D:/IoTCourse/GitRepository/TestRepositroy/Hardware/src/hardware/sensor/GasSensor.java</file>
            <file>file:/D:/IoTCourse/GitRepository/TestRepositroy/Hardware/src/hardware/buzzer/ActiveBuzzer.java</file>
            <file>file:/D:/IoTCourse/GitRepository/TestRepositroy/Hardware/src/hardware/sensor/ThermistorSensor.java</file>
        </group>
    </open-files>
</project-private>
